1, Alloy Wheels
1, Anti-Lock Brakes (ABS)
1, Anti-Theft
1, Anti-Starter
1, Security System
1, Air Conditioning
1, Alloy Wheels
1, Anti-Lock Brakes (ABS)
1, Anti-Theft
1, Anti-Starter
1, Security System
1, Air Conditioning
1, Alloy Wheels
1, Anti-Lock Brakes (ABS)
1, Anti-Theft
1, Alloy Wheels
1, Anti-Lock Brakes (ABS)
1, Anti-Theft
1, Anti-Starter
1, Security System
1, Air Conditioning
1, Alloy Wheels
1, Anti-Lock Brakes (ABS)
1, Anti-Theft
1, Anti-Starter
1, Security System
1, Air Conditioning
1, Alloy Wheels
2, Alloy Wheels
2, Anti-Lock Brakes (ABS)
2, Anti-Theft
2, Anti-Starter
2, Security System
2, Air Conditioning
2, Alloy Wheels
2, Anti-Lock Brakes (ABS)
2, Anti-Theft
2, Anti-Starter
2, Security System
2, Air Conditioning
2, Alloy Wheels
2, Anti-Lock Brakes (ABS)
2, Anti-Theft
2, Alloy Wheels
2, Anti-Lock Brakes (ABS)
2, Anti-Theft
2, Anti-Starter
2, Security System
2, Air Conditioning
2, Alloy Wheels
2, Anti-Lock Brakes (ABS)
2, Anti-Theft
2, Anti-Starter
2, Security System
2, Air Conditioning
2, Alloy Wheels